dt_pregao,cd_acao,tp_merc,vl_abertura,vl_maximo,vl_minimo,vl_medio,vl_fechamento,qt_tit_neg,vl_volume,cd_acao_rdz,cd_acao_com_sufixo,id_empresa
2022-10-21,CSAN3,10,16.57,17.21,16.49,16.92,17.1,13546300,229295085.00,CSAN,CSAN3.SA,1
2022-10-21,DMMO3,10,1.79,1.82,1.79,1.8,1.8,12004300,21663057.00,DMMO,DMMO3.SA,2
2022-10-21,ENAT3,10,15.26,15.71,15.15,15.47,15.53,1447400,22402143.00,ENAT,ENAT3.SA,3
2022-10-21,RPMG3,10,1.89,1.91,1.85,1.87,1.89,3300,6177.00,RPMG,RPMG3.SA,4
2022-10-21,PETR3,10,40.43,42.08,40.13,41.49,41.56,32623200,1353845534.00,PETR,PETR3.SA,5
2022-10-21,PETR4,10,36.45,38.39,36.39,37.73,37.72,139601400,5267364961.00,PETR,PETR4.SA,5
2022-10-21,PRIO3,10,33.09,34.08,33.09,33.68,33.85,9791200,329770209.00,PRIO,PRIO3.SA,7
2022-10-21,UGPA3,10,13.17,13.69,13.13,13.44,13.58,7701500,103508773.00,UGPA,UGPA3.SA,8
2022-10-21,LUPA3,10,3.52,3.65,3.48,3.57,3.59,585300,2094891.00,LUPA,LUPA3.SA,9
2022-10-21,OSXB3,10,6.13,6.3,5.93,6.12,6.15,4000,24498.00,OSXB,OSXB3.SA,10
2022-10-21,BRAP4,10,24.73,25.78,24.62,25.4,25.51,4416300,112194559.00,BRAP,BRAP4.SA,11
2022-10-21,BRAP3,10,23.03,23.54,22.75,23.19,23.23,82900,1922510.00,BRAP,BRAP3.SA,11
2022-10-21,VALE3,10,71.8,74.68,71.44,73.51,74.13,36846800,2708625883.00,VALE,VALE3.SA,15
2022-10-21,FESA4,10,53.09,54.45,52.94,53.66,53.78,170400,9145246.00,FESA,FESA4.SA,16
2022-10-21,GGBR4,10,26.45,27.22,26.25,26.88,26.98,11281700,303318064.00,GGBR,GGBR4.SA,17
2022-10-21,GGBR3,10,21.91,22.4,21.91,22.19,22.22,15800,350633.00,GGBR,GGBR3.SA,17
2022-10-21,GOAU3,10,10.81,11.05,10.77,10.9,10.88,117000,1276230.00,GOAU,GOAU3.SA,18
2022-10-21,GOAU4,10,11.53,11.78,11.43,11.67,11.69,13942600,162718234.00,GOAU,GOAU4.SA,18
2022-10-21,CSNA3,10,13.3,14.19,13.09,13.9,14.19,17374800,241528080.00,CSNA,CSNA3.SA,19
2022-10-21,USIM3,10,8.27,8.55,8.09,8.39,8.5,327900,2754349.00,USIM,USIM3.SA,20
2022-10-21,USIM5,10,7.53,7.83,7.43,7.689999999999999,7.81,22152100,170496226.00,USIM,USIM5.SA,20
2022-10-21,MGEL4,10,16.0,16.26,16.0,16.1,16.11,1800,28984.00,MGEL,MGEL4.SA,21
2022-10-21,PMAM3,10,6.07,6.15,5.93,6.01,6.01,57500,346082.00,PMAM,PMAM3.SA,24
2022-10-21,BRKM5,10,34.3,34.74,33.82,34.38,34.53,2434000,83681024.00,BRKM,BRKM5.SA,25
2022-10-21,BRKM3,10,34.55,34.55,33.86,34.09,34.07,14900,507996.00,BRKM,BRKM3.SA,25
2022-10-21,BRKM6,10,29.5,29.5,27.97,28.73,27.97,200,5747.00,BRKM,BRKM6.SA,25
2022-10-21,FHER3,10,13.85,14.46,13.84,14.18,14.31,275100,3903206.00,FHER,FHER3.SA,28
2022-10-21,CRPG5,10,26.07,26.4,26.07,26.23,26.4,4100,107551.00,CRPG,CRPG5.SA,30
2022-10-21,UNIP3,10,90.01,94.53,90.01,92.47,94.17,17600,1627539.00,UNIP,UNIP3.SA,31
2022-10-21,UNIP5,10,103.8,107.99,103.8,106.49,107.21,1000,106496.00,UNIP,UNIP5.SA,31
2022-10-21,UNIP6,10,106.93,112.08,106.6,110.08,111.0,217800,23977247.00,UNIP,UNIP6.SA,31
2022-10-21,EUCA3,10,11.3,11.6,11.16,11.4,11.6,1600,18243.00,EUCA,EUCA3.SA,33
2022-10-21,EUCA4,10,7.4,7.72,7.4,7.56,7.63,26100,197529.00,EUCA,EUCA4.SA,33
2022-10-21,RANI3,10,9.26,9.35,9.03,9.16,9.12,2147200,19669688.00,RANI,RANI3.SA,34
2022-10-21,KLBN3,10,4.2,4.24,4.14,4.2,4.22,437400,1837228.00,KLBN,KLBN3.SA,35
2022-10-21,KLBN11,10,20.43,20.79,20.27,20.6,20.64,5000600,103018602.00,KLBN,KLBN11.SA,35
2022-10-21,KLBN4,10,4.09,4.13,4.04,4.09,4.12,1174600,4812205.00,KLBN,KLBN4.SA,35
2022-10-21,SUZB3,10,49.54,49.94,48.52,49.48,49.69,4510700,223193498.00,SUZB,SUZB3.SA,39
2022-10-21,SNSY5,10,3.07,3.08,2.9,2.97,3.0,4300,12797.00,SNSY,SNSY5.SA,41
2022-10-21,ETER3,10,12.11,12.54,12.03,12.31,12.36,576000,7092753.00,ETER,ETER3.SA,42
2022-10-21,HAGA4,10,1.31,1.32,1.29,1.3,1.29,6600,8590.00,HAGA,HAGA4.SA,43
2022-10-21,HAGA3,10,3.54,3.54,3.29,3.32,3.31,71900,239166.00,HAGA,HAGA3.SA,43
2022-10-21,PTBL3,10,12.44,13.6,12.41,13.19,13.18,1769600,23344072.00,PTBL,PTBL3.SA,44
2022-10-21,AZEV4,10,2.25,2.27,2.18,2.22,2.22,166400,370513.00,AZEV,AZEV4.SA,45
2022-10-21,AZEV3,10,2.23,2.31,2.13,2.22,2.28,67200,149565.00,AZEV,AZEV3.SA,45
2022-10-21,TCNO4,10,0.97,0.97,0.92,0.94,0.96,13700,12951.00,TCNO,TCNO4.SA,47
2022-10-21,TCNO3,10,1.21,1.21,1.21,1.21,1.21,900,1089.00,TCNO,TCNO3.SA,47
2022-10-21,MILS3,10,12.99,13.66,12.92,13.42,13.31,1357700,18225585.00,MILS,MILS3.SA,48
2022-10-21,EMBR3,10,12.27,12.58,12.16,12.43,12.53,8016300,99693054.00,EMBR,EMBR3.SA,49
2022-10-21,FRAS3,10,12.91,13.39,12.91,13.24,13.34,307300,4069527.00,FRAS,FRAS3.SA,50
2022-10-21,POMO3,10,2.37,2.37,2.31,2.34,2.36,85900,201127.00,POMO,POMO3.SA,51
2022-10-21,POMO4,10,2.79,2.79,2.71,2.74,2.78,12091100,33197872.00,POMO,POMO4.SA,51
2022-10-21,RAPT3,10,8.9,9.45,8.7,9.12,9.25,73600,671443.00,RAPT,RAPT3.SA,52
2022-10-21,RAPT4,10,9.62,9.89,9.51,9.72,9.81,2359700,22948662.00,RAPT,RAPT4.SA,52
2022-10-21,RCSL4,10,0.97,0.99,0.96,0.97,0.98,304000,295285.00,RCSL,RCSL4.SA,53
2022-10-21,RCSL3,10,2.15,2.22,2.11,2.15,2.18,460000,991174.00,RCSL,RCSL3.SA,53
2022-10-21,RSUL4,10,74.13,74.44,74.11,74.22,74.3,700,51960.00,RSUL,RSUL4.SA,54
2022-10-21,TUPY3,10,28.12,29.37,27.88,28.89,28.79,927500,26799501.00,TUPY,TUPY3.SA,55
2022-10-21,MWET4,10,10.7,10.88,10.7,10.78,10.83,1900,20487.00,MWET,MWET4.SA,56
2022-10-21,SHUL4,10,4.7,4.79,4.65,4.74,4.79,265600,1259766.00,SHUL,SHUL4.SA,57
2022-10-21,WEGE3,10,34.64,35.51,34.47,34.98,35.2,6512600,227874598.00,WEGE,WEGE3.SA,58
2022-10-21,EALT3,10,9.5,9.5,9.5,9.5,9.5,100,950.00,EALT,EALT3.SA,59
2022-10-21,EALT4,10,8.55,8.6,8.37,8.5,8.37,16300,138612.00,EALT,EALT4.SA,59
2022-10-21,ROMI3,10,15.39,15.79,15.28,15.57,15.6,339300,5284043.00,ROMI,ROMI3.SA,61
2022-10-21,INEP4,10,1.28,1.35,1.26,1.3,1.34,1230400,1607248.00,INEP,INEP4.SA,62
2022-10-21,INEP3,10,1.36,1.44,1.32,1.37,1.39,3444600,4735446.00,INEP,INEP3.SA,62
2022-10-21,KEPL3,10,24.17,25.27,24.17,24.89,24.9,1918700,47774141.00,KEPL,KEPL3.SA,63
2022-10-21,TASA4,10,15.61,16.14,15.54,15.89,15.95,657100,10441412.00,TASA,TASA4.SA,69
2022-10-21,TASA3,10,15.99,16.26,15.8,15.96,15.95,25000,399158.00,TASA,TASA3.SA,69
2022-10-21,AZUL4,10,16.51,17.17,16.12,16.61,17.03,8264100,137324518.00,AZUL,AZUL4.SA,70
2022-10-21,GOLL4,10,9.3,9.9,9.14,9.44,9.85,16322300,154219842.00,GOLL,GOLL4.SA,71
2022-10-21,MRSA5B,10,28.0,28.0,28.0,28.0,28.0,100,2800.00,MRSA,MRSA5B.SA,76
2022-10-21,RAIL3,10,20.58,21.39,20.27,20.92,21.26,13484200,282156228.00,RAIL,RAIL3.SA,77
2022-10-21,LOGN3,10,36.11,37.46,35.81,37.11,37.44,218800,8120410.00,LOGN,LOGN3.SA,78
2022-10-21,LUXM4,10,78.01,80.0,77.03,79.14,80.0,2300,182032.00,LUXM,LUXM4.SA,79
2022-10-21,JSLG3,10,6.25,6.69,6.25,6.47,6.5,514400,3328505.00,JSLG,JSLG3.SA,80
2022-10-21,TGMA3,10,21.2,21.76,21.01,21.47,21.68,309800,6652554.00,TGMA,TGMA3.SA,81
2022-10-21,CCRO3,10,12.34,12.8,12.25,12.5,12.71,15619900,195398232.00,CCRO,CCRO3.SA,83
2022-10-21,ECOR3,10,5.21,5.54,5.18,5.37,5.46,3778300,20306186.00,ECOR,ECOR3.SA,89
2022-10-21,TPIS3,10,1.66,1.72,1.61,1.67,1.7,424000,708472.00,TPIS,TPIS3.SA,95
2022-10-21,STBP3,10,8.53,8.92,8.43,8.74,8.84,4517400,39490584.00,STBP,STBP3.SA,101
2022-10-21,ATMP3,10,1.45,1.5,1.42,1.46,1.48,4600,6758.00,ATMP,ATMP3.SA,103
2022-10-21,PRNR3,10,6.55,6.86,6.42,6.72,6.69,268000,1800986.00,PRNR,PRNR3.SA,108
2022-10-21,VLID3,10,10.48,11.0,10.39,10.86,10.9,211600,2299436.00,VLID,VLID3.SA,109
2022-10-21,WLMM4,10,27.0,27.0,25.83,26.15,25.83,1500,39226.00,WLMM,WLMM4.SA,112
2022-10-21,AGRO3,10,32.28,33.05,32.14,32.64,32.81,486400,15876113.00,AGRO,AGRO3.SA,114
2022-10-21,FRTA3,10,3.25,3.5,3.11,3.31,3.17,4900,16248.00,FRTA,FRTA3.SA,115
2022-10-21,SLCE3,10,45.42,46.21,44.84,45.57,45.68,1029600,46921958.00,SLCE,SLCE3.SA,116
2022-10-21,SMTO3,10,27.59,27.87,27.01,27.44,27.72,1262200,34635082.00,SMTO,SMTO3.SA,120
2022-10-21,BRFS3,10,14.83,15.09,14.63,14.91,14.94,8219600,122559410.00,BRFS,BRFS3.SA,121
2022-10-21,BAUH4,10,78.89,78.89,78.89,78.89,78.89,100,7889.00,BAUH,BAUH4.SA,122
2022-10-21,JBSS3,10,25.4,26.0,25.15,25.61,25.75,7496400,191993063.00,JBSS,JBSS3.SA,123
2022-10-21,MRFG3,10,10.98,11.43,10.82,11.16,11.34,10934000,122122743.00,MRFG,MRFG3.SA,124
2022-10-21,BEEF3,10,14.3,14.57,13.94,14.28,14.33,9320600,133165619.00,BEEF,BEEF3.SA,125
2022-10-21,MNPR3,10,6.3,6.8,6.3,6.6,6.8,3500,23116.00,MNPR,MNPR3.SA,126
2022-10-21,CAML3,10,10.29,10.76,10.25,10.56,10.53,2015500,21291393.00,CAML,CAML3.SA,127
2022-10-21,JOPA3,10,23.5,23.5,23.5,23.5,23.5,100,2350.00,JOPA,JOPA3.SA,129
2022-10-21,JOPA4,10,36.0,36.0,36.0,36.0,36.0,100,3600.00,JOPA,JOPA4.SA,129
2022-10-21,MDIA3,10,42.15,44.15,42.01,43.33,43.54,1474000,63880197.00,MDIA,MDIA3.SA,130
2022-10-21,ABEV3,10,14.99,15.35,14.95,15.17,15.31,36933200,560483081.00,ABEV,ABEV3.SA,132
2022-10-21,NTCO3,10,14.57,15.3,14.22,14.91,15.11,17110400,255273161.00,NTCO,NTCO3.SA,133
2022-10-21,BOBR4,10,1.26,1.26,1.25,1.25,1.26,12900,16197.00,BOBR,BOBR4.SA,134
2022-10-21,CRFB3,10,18.63,19.35,18.54,19.06,19.13,4541500,86594909.00,CRFB,CRFB3.SA,135
2022-10-21,PCAR3,10,20.42,21.53,19.62,20.77,21.19,3396300,70542013.00,PCAR,PCAR3.SA,136
2022-10-21,CALI3,10,9.7,9.7,9.24,9.44,9.24,500,4721.00,CALI,CALI3.SA,137
2022-10-21,CRDE3,10,17.01,19.3,17.01,18.43,19.3,300,5531.00,CRDE,CRDE3.SA,138
2022-10-21,CYRE3,10,17.56,18.34,17.49,18.04,18.18,8735600,157650821.00,CYRE,CYRE3.SA,139
2022-10-21,DIRR3,10,16.07,16.74,16.02,16.5,16.57,1753400,28932495.00,DIRR,DIRR3.SA,140
2022-10-21,EVEN3,10,6.31,6.51,6.3,6.43,6.44,529600,3407465.00,EVEN,EVEN3.SA,141
2022-10-21,EZTC3,10,20.82,21.23,20.7,20.9,20.94,1240000,25921974.00,EZTC,EZTC3.SA,142
2022-10-21,GFSA3,10,7.13,7.35,7.01,7.14,7.29,1497500,10702023.00,GFSA,GFSA3.SA,143
2022-10-21,HBOR3,10,2.87,2.96,2.83,2.89,2.93,569800,1649883.00,HBOR,HBOR3.SA,144
2022-10-21,JHSF3,10,7.33,7.67,7.23,7.46,7.58,2504400,18686475.00,JHSF,JHSF3.SA,146
2022-10-21,JFEN3,10,0.87,0.92,0.87,0.88,0.88,224800,198824.00,JFEN,JFEN3.SA,147
2022-10-21,MTRE3,10,5.25,5.41,5.18,5.3,5.38,217800,1154935.00,MTRE,MTRE3.SA,148
2022-10-21,MDNE3,10,7.2,7.46,7.08,7.3,7.46,84600,617694.00,MDNE,MDNE3.SA,149
2022-10-21,MRVE3,10,10.02,10.05,9.07,9.4,9.31,26673600,250896465.00,MRVE,MRVE3.SA,150
2022-10-21,PDGR3,10,0.57,0.7,0.56,0.64,0.61,2828500,1818555.00,PDGR,PDGR3.SA,151
2022-10-21,RDNI3,10,6.41,6.48,6.23,6.36,6.33,25100,159796.00,RDNI,RDNI3.SA,152
2022-10-21,RSID3,10,2.93,3.0,2.87,2.92,3.0,47200,137936.00,RSID,RSID3.SA,153
2022-10-21,TCSA3,10,4.08,4.18,4.0,4.11,4.11,237900,978809.00,TCSA,TCSA3.SA,154
2022-10-21,TEND3,10,4.77,5.22,4.64,5.02,5.05,6152300,30944957.00,TEND,TEND3.SA,155
2022-10-21,TRIS3,10,4.46,4.6,4.41,4.52,4.55,685200,3098464.00,TRIS,TRIS3.SA,156
2022-10-21,VIVR3,10,0.39,0.55,0.39,0.48,0.49,12203600,5892764.00,VIVR,VIVR3.SA,157
2022-10-21,CEDO4,10,4.17,4.38,4.17,4.27,4.38,200,855.00,CEDO,CEDO4.SA,158
2022-10-21,CTNM4,10,2.17,2.17,2.08,2.11,2.13,3700,7807.00,CTNM,CTNM4.SA,159
2022-10-21,DOHL4,10,5.16,5.16,5.12,5.12,5.12,700,3590.00,DOHL,DOHL4.SA,160
2022-10-21,CTKA4,10,10.47,10.47,10.11,10.29,10.11,200,2058.00,CTKA,CTKA4.SA,163
2022-10-21,PTNT3,10,11.75,11.76,11.7,11.72,11.71,1100,12894.00,PTNT,PTNT3.SA,164
2022-10-21,PTNT4,10,6.15,6.24,6.15,6.15,6.2,1800,11084.00,PTNT,PTNT4.SA,164
2022-10-21,CTSA3,10,1.4,1.41,1.39,1.4,1.41,3200,4483.00,CTSA,CTSA3.SA,165
2022-10-21,CTSA4,10,0.65,0.67,0.64,0.65,0.65,93800,61792.00,CTSA,CTSA4.SA,165
2022-10-21,SGPS3,10,2.42,2.45,2.24,2.26,2.25,158900,359982.00,SGPS,SGPS3.SA,166
2022-10-21,TEKA4,10,15.04,15.05,15.04,15.04,15.05,300,4513.00,TEKA,TEKA4.SA,167
2022-10-21,ALPA3,10,17.76,17.76,17.27,17.59,17.6,1600,28158.00,ALPA,ALPA3.SA,170
2022-10-21,ALPA4,10,20.75,21.21,20.12,20.68,21.01,3101300,64144292.00,ALPA,ALPA4.SA,170
2022-10-21,CAMB3,10,6.6,6.97,6.58,6.72,6.58,64100,431218.00,CAMB,CAMB3.SA,171
2022-10-21,GRND3,10,7.05,7.31,7.02,7.2,7.26,922600,6643220.00,GRND,GRND3.SA,172
2022-10-21,VULC3,10,13.79,14.02,13.66,13.88,14.0,331300,4600516.00,VULC,VULC3.SA,173
2022-10-21,TECN3,10,2.14,2.24,2.11,2.16,2.15,435600,944805.00,TECN,TECN3.SA,175
2022-10-21,VIVA3,10,25.06,26.17,24.77,25.63,25.86,1511700,38755419.00,VIVA,VIVA3.SA,176
2022-10-21,WHRL3,10,5.1,5.1,4.94,5.06,5.0,7800,39490.00,WHRL,WHRL3.SA,177
2022-10-21,WHRL4,10,5.51,5.51,5.45,5.48,5.5,8900,48837.00,WHRL,WHRL4.SA,177
2022-10-21,UCAS3,10,3.04,3.09,2.99,3.02,3.09,49100,148567.00,UCAS,UCAS3.SA,178
2022-10-21,HETA4,10,4.61,4.71,4.5,4.58,4.61,1900,8702.00,HETA,HETA4.SA,179
2022-10-21,MYPK3,10,13.09,13.49,13.07,13.33,13.45,1456400,19423565.00,MYPK,MYPK3.SA,180
2022-10-21,LEVE3,10,25.45,26.0,25.31,25.65,25.86,142700,3661009.00,LEVE,LEVE3.SA,181
2022-10-21,HOOT4,10,1.43,1.48,1.43,1.45,1.48,900,1313.00,HOOT,HOOT4.SA,183
2022-10-21,BKBR3,10,7.7,7.76,7.54,7.64,7.64,1278100,9770248.00,BKBR,BKBR3.SA,184
2022-10-21,MEAL3,10,2.16,2.26,2.14,2.2,2.19,1558700,3432543.00,MEAL,MEAL3.SA,185
2022-10-21,BMKS3,10,263.8,263.8,263.8,263.8,263.8,3,791.40,BMKS,BMKS3.SA,186
2022-10-21,SHOW3,10,3.05,3.05,3.0,3.02,3.04,121500,367428.00,SHOW,SHOW3.SA,189
2022-10-21,CVCB3,10,6.7,6.83,6.42,6.58,6.79,17125000,112683530.00,CVCB,CVCB3.SA,190
2022-10-21,SMFT3,10,15.94,16.79,15.84,16.22,16.35,2014500,32676861.00,SMFT,SMFT3.SA,191
2022-10-21,ANIM3,10,5.65,5.9,5.52,5.71,5.79,3855800,22036323.00,ANIM,ANIM3.SA,192
2022-10-21,BAHI3,10,13.26,13.87,13.25,13.63,13.77,3300,44991.00,BAHI,BAHI3.SA,193
2022-10-21,COGN3,10,2.89,2.95,2.75,2.85,2.92,68205700,194828344.00,COGN,COGN3.SA,194
2022-10-21,SEER3,10,6.88,6.99,6.64,6.8100000000000005,6.85,941600,6413356.00,SEER,SEER3.SA,195
2022-10-21,YDUQ3,10,12.05,12.84,11.73,12.22,12.55,10460300,127842979.00,YDUQ,YDUQ3.SA,196
2022-10-21,RENT3,10,67.48,68.75,66.56,67.72,68.15,6711200,454507161.00,RENT,RENT3.SA,197
2022-10-21,MOVI3,10,13.37,13.85,13.34,13.56,13.74,3017600,40945318.00,MOVI,MOVI3.SA,200
2022-10-21,ARZZ3,10,98.68,100.9,98.2,99.58,100.15,1311200,130580683.00,ARZZ,ARZZ3.SA,203
2022-10-21,CEAB3,10,3.06,3.13,2.93,3.03,3.07,6831600,20722013.00,CEAB,CEAB3.SA,204
2022-10-21,CGRA3,10,35.69,35.82,35.69,35.73,35.82,400,14295.00,CGRA,CGRA3.SA,205
2022-10-21,CGRA4,10,34.5,35.0,34.5,34.96,35.0,6100,213274.00,CGRA,CGRA4.SA,205
2022-10-21,GUAR3,10,9.14,9.5,8.95,9.24,9.34,905400,8373033.00,GUAR,GUAR3.SA,206
2022-10-21,AMAR3,10,2.04,2.09,2.0,2.04,2.05,4508500,9207557.00,AMAR,AMAR3.SA,208
2022-10-21,LREN3,10,28.56,29.5,28.14,28.76,29.06,12531700,360520979.00,LREN,LREN3.SA,209
2022-10-21,MGLU3,10,4.02,4.21,3.92,4.07,4.15,206786000,842103608.00,MGLU,MGLU3.SA,210
2022-10-21,SLED4,10,3.42,3.58,3.34,3.43,3.55,6500,22302.00,SLED,SLED4.SA,215
2022-10-21,BIOM3,10,6.63,6.88,6.5,6.67,6.5,4800,32058.00,BIOM,BIOM3.SA,216
2022-10-21,OFSA3,10,23.86,24.1,23.22,23.89,24.03,10400,248457.00,OFSA,OFSA3.SA,219
2022-10-21,AALR3,10,21.13,21.26,20.98,21.16,21.16,232100,4911664.00,AALR,AALR3.SA,221
2022-10-21,DASA3,10,19.49,19.87,19.16,19.48,19.67,176400,3437599.00,DASA,DASA3.SA,222
2022-10-21,FLRY3,10,17.88,18.35,17.75,18.03,18.17,2338900,42191749.00,FLRY,FLRY3.SA,223
2022-10-21,HAPV3,10,7.36,7.51,7.06,7.27,7.45,99904800,726382507.00,HAPV,HAPV3.SA,224
2022-10-21,PARD3,10,22.31,22.89,21.87,22.66,22.89,558200,12651836.00,PARD,PARD3.SA,225
2022-10-21,ODPV3,10,8.63,8.88,8.59,8.77,8.78,5378600,47179869.00,ODPV,ODPV3.SA,227
2022-10-21,QUAL3,10,7.2,7.35,7.11,7.24,7.29,5298600,38410720.00,QUAL,QUAL3.SA,228
2022-10-21,BALM4,10,9.6,10.0,9.52,9.84,10.0,1500,14774.00,BALM,BALM4.SA,229
2022-10-21,PNVL3,10,11.94,12.31,11.8,12.05,12.08,498900,6015804.00,PNVL,PNVL3.SA,231
2022-10-21,HYPE3,10,48.4,48.96,48.01,48.57,48.7,2832700,137593143.00,HYPE,HYPE3.SA,232
2022-10-21,PFRM3,10,4.25,4.25,4.09,4.15,4.2,178100,740059.00,PFRM,PFRM3.SA,233
2022-10-21,RADL3,10,23.67,24.34,23.52,23.96,24.05,10589000,253761237.00,RADL,RADL3.SA,234
2022-10-21,POSI3,10,12.4,13.12,12.31,12.81,12.93,2577200,33024029.00,POSI,POSI3.SA,235
2022-10-21,LWSA3,10,10.16,10.61,10.13,10.39,10.51,7222600,75074858.00,LWSA,LWSA3.SA,238
2022-10-21,SQIA3,10,20.13,20.2,19.71,19.88,19.79,581000,11556013.00,SQIA,SQIA3.SA,240
2022-10-21,TOTS3,10,31.71,31.74,30.52,31.08,31.31,7799500,242464547.00,TOTS,TOTS3.SA,241
2022-10-21,OIBR4,10,0.65,0.67,0.62,0.64,0.65,1100000,714365.00,OIBR,OIBR4.SA,243
2022-10-21,OIBR3,10,0.26,0.27,0.25,0.26,0.26,114863700,30002334.00,OIBR,OIBR3.SA,243
2022-10-21,TELB3,10,19.2,20.61,18.66,19.35,20.11,3800,73544.00,TELB,TELB3.SA,244
2022-10-21,TELB4,10,10.96,11.25,10.95,11.11,11.09,5400,60046.00,TELB,TELB4.SA,244
2022-10-21,VIVT3,10,40.2,40.28,39.58,39.92,39.97,1905400,76065281.00,VIVT,VIVT3.SA,245
2022-10-21,AFLT3,10,9.49,9.5,9.49,9.49,9.5,1200,11395.00,AFLT,AFLT3.SA,250
2022-10-21,ALUP4,10,9.21,9.4,9.21,9.32,9.25,10400,96938.00,ALUP,ALUP4.SA,251
2022-10-21,ALUP3,10,9.22,9.48,9.14,9.36,9.44,9300,87086.00,ALUP,ALUP3.SA,251
2022-10-21,ALUP11,10,27.64,28.2,27.57,27.98,28.0,1290400,36107632.00,ALUP,ALUP11.SA,251
2022-10-21,CEBR3,10,13.39,13.5,13.39,13.42,13.39,2800,37603.00,CEBR,CEBR3.SA,254
2022-10-21,CEBR6,10,11.15,11.15,10.98,11.02,11.02,18200,200591.00,CEBR,CEBR6.SA,254
2022-10-21,CEBR5,10,10.77,10.77,10.76,10.76,10.77,10700,115224.00,CEBR,CEBR5.SA,254
2022-10-21,CLSC3,10,50.21,50.21,50.2,50.2,50.2,200,10041.00,CLSC,CLSC3.SA,257
2022-10-21,CLSC4,10,59.38,59.5,58.96,59.34,59.5,5700,338269.00,CLSC,CLSC4.SA,257
2022-10-21,CEPE6,10,40.16,40.5,40.16,40.33,40.5,200,8066.00,CEPE,CEPE6.SA,259
2022-10-21,CMIG3,10,17.32,18.27,17.09,17.76,17.86,581600,10332110.00,CMIG,CMIG3.SA,260
2022-10-21,CMIG4,10,11.24,11.58,11.11,11.47,11.52,51550800,591385287.00,CMIG,CMIG4.SA,260
2022-10-21,COCE5,10,46.9,47.49,46.58,46.8,46.58,3700,173162.00,COCE,COCE5.SA,265
2022-10-21,CPLE3,10,6.5,6.62,6.46,6.55,6.58,889700,5835473.00,CPLE,CPLE3.SA,266
2022-10-21,CPLE11,10,33.48,34.34,33.44,34.0,34.01,265700,9033909.00,CPLE,CPLE11.SA,266
2022-10-21,CPLE5,10,33.06,33.06,32.0,32.53,32.0,200,6506.00,CPLE,CPLE5.SA,266
2022-10-21,CPLE6,10,6.74,6.91,6.72,6.84,6.88,13313800,91121491.00,CPLE,CPLE6.SA,266
2022-10-21,CSRN6,10,20.2,20.2,20.19,20.19,20.19,200,4039.00,CSRN,CSRN6.SA,267
2022-10-21,CSRN3,10,19.65,19.7,18.15,18.47,18.26,6200,114535.00,CSRN,CSRN3.SA,267
2022-10-21,CPFE3,10,34.03,34.91,33.61,34.59,34.67,5166000,178694156.00,CPFE,CPFE3.SA,268
2022-10-21,EKTR4,10,33.3,36.99,33.3,34.53,36.99,300,10359.00,EKTR,EKTR4.SA,273
2022-10-21,ELET3,10,47.67,48.97,47.32,48.84,48.97,51870400,2533814842.00,ELET,ELET3.SA,274
2022-10-21,ELET6,10,50.57,51.98,50.35,51.48,51.45,3468000,178534250.00,ELET,ELET6.SA,274
2022-10-21,EMAE4,10,45.14,47.48,43.35,45.76,46.98,11300,517175.00,EMAE,EMAE4.SA,276
2022-10-21,ENBR3,10,22.78,23.01,22.37,22.85,22.91,5593500,127838274.00,ENBR,ENBR3.SA,277
2022-10-21,ENGI11,10,45.99,47.13,45.62,46.44,46.98,1515700,70401180.00,ENGI,ENGI11.SA,278
2022-10-21,ENGI4,10,7.97,8.18,7.89,8.04,8.18,29800,239789.00,ENGI,ENGI4.SA,278
2022-10-21,ENGI3,10,14.42,14.42,14.01,14.29,14.36,9500,135767.00,ENGI,ENGI3.SA,278
2022-10-21,ENMT4,10,79.01,81.74,79.01,80.63,81.74,400,32253.00,ENMT,ENMT4.SA,279
2022-10-21,ENMT3,10,79.01,81.67,79.01,81.09,81.67,900,72986.00,ENMT,ENMT3.SA,279
2022-10-21,ENEV3,10,13.76,13.99,13.59,13.76,13.82,13436000,184917895.00,ENEV,ENEV3.SA,281
2022-10-21,EGIE3,10,38.74,39.58,38.56,39.21,39.49,2001200,78477157.00,EGIE,EGIE3.SA,282
2022-10-21,EQPA3,10,6.95,7.02,6.85,6.91,6.87,13600,94104.00,EQPA,EQPA3.SA,283
2022-10-21,EQMA3B,10,27.01,27.01,27.0,27.0,27.0,500,13501.00,EQMA,EQMA3B.SA,284
2022-10-21,EQTL3,10,28.15,28.68,28.02,28.32,28.56,6246100,176935412.00,EQTL,EQTL3.SA,285
2022-10-21,GEPA4,10,25.41,25.41,25.36,25.39,25.36,300,7617.00,GEPA,GEPA4.SA,288
2022-10-21,LIGT3,10,5.06,5.29,5.0,5.21,5.26,8467700,44147081.00,LIGT,LIGT3.SA,291
2022-10-21,NEOE3,10,16.26,16.52,16.12,16.36,16.38,6562900,107412546.00,NEOE,NEOE3.SA,292
2022-10-21,REDE3,10,5.75,5.8100000000000005,5.75,5.78,5.8100000000000005,200,1156.00,REDE,REDE3.SA,296
2022-10-21,RNEW11,10,6.94,7.8,6.84,7.26,7.8,17300,125601.00,RNEW,RNEW11.SA,297
2022-10-21,RNEW4,10,2.39,2.39,2.16,2.23,2.16,208000,464377.00,RNEW,RNEW4.SA,297
2022-10-21,RNEW3,10,2.35,2.48,2.26,2.4,2.34,21800,52461.00,RNEW,RNEW3.SA,297
2022-10-21,TAEE4,10,13.09,13.46,13.06,13.25,13.2,205000,2716333.00,TAEE,TAEE4.SA,300
2022-10-21,TAEE3,10,13.13,13.47,13.09,13.27,13.32,134200,1782086.00,TAEE,TAEE3.SA,300
2022-10-21,TAEE11,10,39.39,40.44,39.16,39.81,39.93,2573300,102455894.00,TAEE,TAEE11.SA,300
2022-10-21,TRPL3,10,31.12,31.12,30.8,30.97,30.96,2100,65057.00,TRPL,TRPL3.SA,303
2022-10-21,TRPL4,10,23.25,23.84,23.16,23.57,23.83,1664100,39225674.00,TRPL,TRPL4.SA,303
2022-10-21,CSMG3,10,15.68,15.96,15.54,15.77,15.69,1558900,24589669.00,CSMG,CSMG3.SA,306
2022-10-21,SBSP3,10,56.21,59.18,56.04,58.11,58.74,6704000,389603667.00,SBSP,SBSP3.SA,308
2022-10-21,SAPR3,10,3.34,3.46,3.33,3.4,3.44,918500,3127801.00,SAPR,SAPR3.SA,309
2022-10-21,SAPR11,10,17.95,18.48,17.91,18.29,18.34,1137600,20816923.00,SAPR,SAPR11.SA,309
2022-10-21,SAPR4,10,3.66,3.74,3.65,3.7,3.71,2725500,10085929.00,SAPR,SAPR4.SA,309
2022-10-21,CGAS3,10,125.02,125.02,125.02,125.02,125.02,100,12502.00,CGAS,CGAS3.SA,312
2022-10-21,CGAS5,10,134.64,134.64,134.64,134.64,134.64,100,13464.00,CGAS,CGAS5.SA,312
2022-10-21,ABCB4,10,22.49,22.92,22.38,22.71,22.66,1351700,30702683.00,ABCB,ABCB4.SA,313
2022-10-21,RPAD3,10,7.46,7.46,7.01,7.31,7.46,300,2193.00,RPAD,RPAD3.SA,314
2022-10-21,RPAD6,10,5.01,5.17,5.01,5.11,5.17,300,1535.00,RPAD,RPAD6.SA,314
2022-10-21,RPAD5,10,8.01,8.01,8.01,8.01,8.01,100,801.00,RPAD,RPAD5.SA,314
2022-10-21,BRIV3,10,10.23,10.24,9.85,9.99,9.85,2600,25999.00,BRIV,BRIV3.SA,315
2022-10-21,BRIV4,10,9.2,9.2,9.17,9.18,9.17,200,1837.00,BRIV,BRIV4.SA,315
2022-10-21,BAZA3,10,48.34,48.75,47.91,48.13,48.3,5800,279203.00,BAZA,BAZA3.SA,316
2022-10-21,BMGB4,10,3.08,3.08,3.0,3.03,3.02,3021400,9163183.00,BMGB,BMGB4.SA,317
2022-10-21,BPAN4,10,7.25,7.52,7.22,7.39,7.49,3526000,26082509.00,BPAN,BPAN4.SA,319
2022-10-21,BGIP4,10,18.8,18.8,18.8,18.8,18.8,100,1880.00,BGIP,BGIP4.SA,320
2022-10-21,BEES4,10,6.0,6.12,5.9,5.96,6.1,6200,36958.00,BEES,BEES4.SA,321
2022-10-21,BEES3,10,5.9,5.9,5.8100000000000005,5.85,5.84,23200,135720.00,BEES,BEES3.SA,321
2022-10-21,BRSR6,10,11.93,12.15,11.85,11.99,12.03,1819500,21829227.00,BRSR,BRSR6.SA,323
2022-10-21,BRSR5,10,16.5,16.5,15.8,16.34,16.45,700,11444.00,BRSR,BRSR5.SA,323
2022-10-21,BRSR3,10,12.9,13.0,12.73,12.89,12.9,4300,55441.00,BRSR,BRSR3.SA,323
2022-10-21,BBDC4,10,20.17,20.84,20.17,20.49,20.73,50452400,1034092570.00,BBDC,BBDC4.SA,324
2022-10-21,BBDC3,10,16.79,17.43,16.79,17.12,17.37,11061200,189380765.00,BBDC,BBDC3.SA,324
2022-10-21,BBAS3,10,43.42,44.94,43.17,44.3,44.68,32082800,1421408861.00,BBAS,BBAS3.SA,325
2022-10-21,BSLI4,10,14.02,14.93,14.01,14.46,14.31,1100,15906.00,BSLI,BSLI4.SA,326
2022-10-21,BPAC3,10,14.64,15.25,14.4,14.82,15.25,9700,143783.00,BPAC,BPAC3.SA,327
2022-10-21,BPAC11,10,27.5,28.81,27.46,28.18,28.59,15159600,427219118.00,BPAC,BPAC11.SA,327
2022-10-21,BPAC5,10,6.39,6.7,6.33,6.57,6.7,18500,121729.00,BPAC,BPAC5.SA,327
2022-10-21,ITSA4,10,10.59,10.94,10.55,10.76,10.88,29234400,314598419.00,ITSA,ITSA4.SA,329
2022-10-21,ITSA3,10,10.6,11.03,10.6,10.83,10.93,314500,3408619.00,ITSA,ITSA3.SA,329
2022-10-21,ITUB4,10,29.93,31.28,29.82,30.74,31.06,49256900,1514251532.00,ITUB,ITUB4.SA,330
2022-10-21,ITUB3,10,25.05,26.04,24.96,25.51,25.84,1305000,33295459.00,ITUB,ITUB3.SA,330
2022-10-21,BMEB4,10,10.11,10.15,10.07,10.08,10.1,54700,551906.00,BMEB,BMEB4.SA,331
2022-10-21,BMIN4,10,13.13,13.13,13.13,13.13,13.13,100,1313.00,BMIN,BMIN4.SA,332
2022-10-21,PINE4,10,1.63,1.6800000000000002,1.6,1.65,1.61,134400,222498.00,PINE,PINE4.SA,335
2022-10-21,SANB11,10,31.22,32.05,31.22,31.72,31.87,2229300,70731843.00,SANB,SANB11.SA,336
2022-10-21,SANB4,10,16.33,16.85,16.33,16.65,16.77,198600,3308215.00,SANB,SANB4.SA,336
2022-10-21,SANB3,10,14.94,15.21,14.83,15.04,15.1,208100,3131901.00,SANB,SANB3.SA,336
2022-10-21,CRIV3,10,4.0,4.02,3.95,3.97,4.02,800,3178.00,CRIV,CRIV3.SA,337
2022-10-21,CRIV4,10,5.5,5.5,5.5,5.5,5.5,300,1650.00,CRIV,CRIV4.SA,337
2022-10-21,MERC4,10,8.3,8.3,8.3,8.3,8.3,100,830.00,MERC,MERC4.SA,339
2022-10-21,B3SA3,10,14.0,14.81,13.95,14.42,14.61,76677800,1105836478.00,B3SA,B3SA3.SA,363
2022-10-21,CIEL3,10,5.86,5.93,5.74,5.82,5.8,51132100,297634031.00,CIEL,CIEL3.SA,364
2022-10-21,BRGE11,10,7.2,7.2,7.2,7.2,7.2,100,720.00,BRGE,BRGE11.SA,365
2022-10-21,BRGE3,10,9.26,9.6,9.26,9.37,9.6,300,2812.00,BRGE,BRGE3.SA,365
2022-10-21,BBSE3,10,29.52,29.8,29.16,29.36,29.16,11944600,350719084.00,BBSE,BBSE3.SA,366
2022-10-21,IRBR3,10,1.04,1.08,1.02,1.04,1.06,38545700,40222829.00,IRBR,IRBR3.SA,367
2022-10-21,PSSA3,10,21.95,22.46,21.85,22.25,22.33,2227700,49580147.00,PSSA,PSSA3.SA,368
2022-10-21,SULA11,10,21.72,22.53,21.41,22.1,22.39,4246000,93872101.00,SULA,SULA11.SA,370
2022-10-21,SULA3,10,7.23,7.77,7.23,7.58,7.77,7000,53063.00,SULA,SULA3.SA,370
2022-10-21,SULA4,10,7.18,7.46,7.11,7.27,7.28,13800,100366.00,SULA,SULA4.SA,370
2022-10-21,APER3,10,28.37,29.0,28.25,28.52,29.0,39300,1121173.00,APER,APER3.SA,371
2022-10-21,WIZS3,10,7.74,7.88,7.62,7.75,7.77,561500,4355617.00,WIZS,WIZS3.SA,372
2022-10-21,ALSO3,10,20.69,21.54,20.66,21.08,21.24,1767200,37265666.00,ALSO,ALSO3.SA,373
2022-10-21,BRML3,10,9.81,10.15,9.76,9.97,10.03,17249700,172101802.00,BRML,BRML3.SA,374
2022-10-21,BRPR3,10,6.08,6.22,6.0,6.11,6.16,2051700,12551512.00,BRPR,BRPR3.SA,375
2022-10-21,IGBR3,10,36.0,36.0,34.75,34.98,34.75,3000,104967.00,IGBR,IGBR3.SA,380
2022-10-21,LOGG3,10,23.45,23.71,22.64,23.26,23.36,414400,9639947.00,LOGG,LOGG3.SA,383
2022-10-21,MULT3,10,24.88,25.4,24.48,24.94,25.19,3475800,86713073.00,MULT,MULT3.SA,385
2022-10-21,SCAR3,10,24.49,25.8,24.49,25.24,25.8,4700,118639.00,SCAR,SCAR3.SA,386
2022-10-21,LPSB3,10,2.94,3.02,2.89,2.94,2.97,296400,872837.00,LPSB,LPSB3.SA,388
2022-10-21,MOAR3,10,467.0,474.99,466.99,470.54,474.99,900,423494.00,MOAR,MOAR3.SA,389
2022-10-21,PEAB3,10,57.99,57.99,57.99,57.99,57.99,100,5799.00,PEAB,PEAB3.SA,390
2022-10-21,ATOM3,10,2.49,2.51,2.48,2.49,2.5,1700,4236.00,ATOM,ATOM3.SA,397
2022-10-21,RRRP3,10,44.43,46.2,43.86,45.1,45.73,5277400,238011725.00,RRRP,RRRP3.SA,415
2022-10-21,AERI3,10,1.84,1.89,1.83,1.86,1.86,2498400,4648346.00,AERI,AERI3.SA,416
2022-10-21,ALLD3,10,8.09,8.33,8.05,8.22,8.22,29400,241706.00,ALLD,ALLD3.SA,417
2022-10-21,ALPK3,10,2.22,2.24,2.14,2.19,2.18,120400,264234.00,ALPK,ALPK3.SA,418
2022-10-21,AMBP3,10,28.72,30.06,28.65,29.58,29.62,1096300,32433098.00,AMBP,AMBP3.SA,420
2022-10-21,BOAS3,10,5.57,5.95,5.37,5.75,5.84,1504300,8657024.00,BOAS,BOAS3.SA,422
2022-10-21,CURY3,10,11.75,12.27,11.69,12.02,12.03,3090300,37172844.00,CURY,CURY3.SA,423
2022-10-21,DMVF3,10,4.97,4.97,4.76,4.8100000000000005,4.8100000000000005,48800,235196.00,DMVF,DMVF3.SA,424
2022-10-21,ENJU3,10,1.2,1.28,1.19,1.24,1.25,1185300,1473818.00,ENJU,ENJU3.SA,425
2022-10-21,SOMA3,10,13.28,14.26,13.19,13.83,14.06,7650400,105879552.00,SOMA,SOMA3.SA,426
2022-10-21,GMAT3,10,6.25,6.68,6.22,6.49,6.65,8137300,52835744.00,GMAT,GMAT3.SA,427
2022-10-21,HBRE3,10,5.58,5.58,5.42,5.51,5.5,12700,70016.00,HBRE,HBRE3.SA,428
2022-10-21,LAVV3,10,5.91,6.08,5.8100000000000005,5.96,6.05,517200,3087635.00,LAVV,LAVV3.SA,429
2022-10-21,LJQQ3,10,5.48,5.87,5.45,5.68,5.8,3599300,20472683.00,LJQQ,LJQQ3.SA,430
2022-10-21,CASH3,10,1.06,1.11,1.04,1.07,1.1,29999500,32254551.00,CASH,CASH3.SA,431
2022-10-21,MELK3,10,4.05,4.13,4.01,4.08,4.1,207300,846345.00,MELK,MELK3.SA,432
2022-10-21,NGRD3,10,1.6,1.66,1.58,1.61,1.61,860200,1391096.00,NGRD,NGRD3.SA,433
2022-10-21,PETZ3,10,8.48,8.69,8.22,8.43,8.62,17611700,148521688.00,PETZ,PETZ3.SA,434
2022-10-21,PLPL3,10,3.94,4.1,3.92,4.02,4.03,444200,1786964.00,PLPL,PLPL3.SA,435
2022-10-21,RDOR3,10,29.21,30.48,28.97,29.92,30.15,9601800,287331646.00,RDOR,RDOR3.SA,436
2022-10-21,ASAI3,10,18.2,18.95,18.0,18.57,18.6,27105700,503550174.00,ASAI,ASAI3.SA,437
2022-10-21,SEQL3,10,4.97,5.2,4.79,5.03,5.04,8466600,42621379.00,SEQL,SEQL3.SA,438
2022-10-21,SIMH3,10,10.23,10.55,10.15,10.32,10.45,4073900,42061285.00,SIMH,SIMH3.SA,439
2022-10-21,TIMS3,10,12.65,12.68,12.41,12.53,12.57,8739500,109544378.00,TIMS,TIMS3.SA,440
2022-10-21,TFCO4,10,12.86,13.25,12.68,12.94,12.9,197700,2559075.00,TFCO,TFCO4.SA,441
2022-10-21,CSED3,10,5.23,5.23,4.98,5.08,5.15,273300,1389283.00,CSED,CSED3.SA,442
2022-10-21,CMIN3,10,3.33,3.5,3.3,3.4,3.47,6210900,21172107.00,CMIN,CMIN3.SA,443
2022-10-21,DESK3,10,11.01,11.54,11.0,11.34,11.45,110900,1257847.00,DESK,DESK3.SA,444
2022-10-21,DOTZ3,10,1.85,1.95,1.85,1.91,1.95,45600,87290.00,DOTZ,DOTZ3.SA,445
2022-10-21,ELMD3,10,13.59,13.96,13.38,13.82,13.9,122200,1689186.00,ELMD,ELMD3.SA,446
2022-10-21,NINJ3,10,2.99,3.13,2.91,3.01,3.05,196700,592226.00,NINJ,NINJ3.SA,449
2022-10-21,GGPS3,10,13.38,13.74,13.19,13.54,13.6,871900,11812272.00,GGPS,GGPS3.SA,450
2022-10-21,MATD3,10,8.36,8.48,8.11,8.3,8.37,339500,2820147.00,MATD,MATD3.SA,451
2022-10-21,AESB3,10,9.33,9.49,9.29,9.41,9.38,1754100,16521848.00,AESB,AESB3.SA,452
2022-10-21,AGXY3,10,7.66,8.1,7.66,8.01,8.08,80900,648262.00,AGXY,AGXY3.SA,453
2022-10-21,ARML3,10,14.74,15.82,14.52,15.35,15.54,420300,6451932.00,ARML,ARML3.SA,454
2022-10-21,MODL3,10,2.44,2.6,2.33,2.51,2.6,1760600,4419252.00,MODL,MODL3.SA,455
2022-10-21,BMOB3,10,16.2,16.85,16.06,16.54,16.69,384600,6362723.00,BMOB,BMOB3.SA,456
2022-10-21,SOJA3,10,12.96,13.1,12.86,12.99,12.86,125600,1632066.00,SOJA,SOJA3.SA,457
2022-10-21,BRBI11,10,15.24,15.5,15.1,15.4,15.47,41200,634717.00,BRBI,BRBI11.SA,458
2022-10-21,BRIT3,10,3.61,3.73,3.55,3.66,3.71,206100,754909.00,BRIT,BRIT3.SA,459
2022-10-21,CLSA3,10,6.02,6.28,5.83,6.05,6.17,653100,3954565.00,CLSA,CLSA3.SA,460
2022-10-21,CBAV3,10,10.89,11.39,10.8,11.19,11.32,3894700,43588078.00,CBAV,CBAV3.SA,461
2022-10-21,IFCM3,10,4.99,5.28,4.95,5.08,5.14,1313200,6684141.00,IFCM,IFCM3.SA,463
2022-10-21,INTB3,10,34.27,34.74,34.18,34.44,34.55,1501900,51728376.00,INTB,INTB3.SA,464
2022-10-21,JALL3,10,7.06,7.27,6.98,7.15,7.23,558000,3990719.00,JALL,JALL3.SA,465
2022-10-21,KRSA3,10,2.54,2.59,2.51,2.53,2.56,65700,166223.00,KRSA,KRSA3.SA,467
2022-10-21,LVTC3,10,6.01,6.13,5.89,5.99,6.08,168100,1007598.00,LVTC,LVTC3.SA,468
2022-10-21,MBLY3,10,3.04,3.19,3.01,3.1,3.19,1541700,4789389.00,MBLY,MBLY3.SA,470
2022-10-21,ESPA3,10,1.89,1.92,1.83,1.86,1.87,3599600,6724248.00,ESPA,ESPA3.SA,472
2022-10-21,MLAS3,10,5.22,5.37,5.16,5.25,5.28,2106700,11065898.00,MLAS,MLAS3.SA,473
2022-10-21,OPCT3,10,2.54,2.6,2.48,2.55,2.56,223600,572112.00,OPCT,OPCT3.SA,474
2022-10-21,ONCO3,10,7.35,7.56,7.28,7.44,7.52,869300,6471343.00,ONCO,ONCO3.SA,475
2022-10-21,ORVR3,10,41.49,43.11,41.49,42.63,43.07,354100,15096841.00,ORVR,ORVR3.SA,476
2022-10-21,RECV3,10,29.89,31.0,29.67,30.51,30.76,2439500,74433284.00,RECV,RECV3.SA,477
2022-10-21,RAIZ4,10,4.19,4.3,4.16,4.23,4.27,14614900,61842060.00,RAIZ,RAIZ4.SA,478
2022-10-21,TRAD3,10,3.03,3.24,2.96,3.1,3.16,1871500,5808176.00,TRAD,TRAD3.SA,480
2022-10-21,LAND3,10,29.9,29.99,29.5,29.92,29.99,37700,1128025.00,LAND,LAND3.SA,482
2022-10-21,TTEN3,10,12.51,12.71,12.39,12.56,12.59,644800,8103577.00,TTEN,TTEN3.SA,483
2022-10-21,FIQE3,10,3.84,4.05,3.84,3.97,4.0,302000,1199434.00,FIQE,FIQE3.SA,484
2022-10-21,WEST3,10,1.16,1.17,1.14,1.15,1.16,997900,1148975.00,WEST,WEST3.SA,485
